Policy_Year,Attained_Age,qx,px,tpx,v_premium,v_benefit,EPV_Benefit_Base,EPV_Premium_Base
1,35,0.00021,0.99979,1.0,1.0,0.9523809523809523,0.0002,1.0
2,36,0.00029,0.99971,0.99979,0.9523809523809523,0.9070294784580498,0.0002629833106575964,0.9521809523809522
3,37,0.00042,0.99958,0.9995000609,0.9070294784580498,0.8638375985314759,0.0003626304075827664,0.906576018956916
4,38,0.00049,0.99951,0.999080270874422,0.8638375985314759,0.8227024747918819,0.000402753447568424,0.8630431019323371
5,39,0.00057,0.99943,0.9985907215416935,0.8227024747918819,0.7835261664684589,0.00044598051715470514,0.8215430579165622
6,40,0.00064,0.99936,0.9980215248304147,0.7835261664684589,0.7462153966366274,0.00047663297792206055,0.7819759794033807
7,41,0.00073,0.99927,0.9973827910545233,0.7462153966366274,0.7106813301301212,0.0005174395698747306,0.7442623950252976
8,42,0.00087,0.99913,0.9966547016170535,0.7106813301301212,0.6768393620286869,0.0005868803651926787,0.7083038890256467
9,43,0.00099,0.99901,0.9957876120266467,0.6768393620286869,0.644608916217797,0.0006354746376378889,0.6739882520401851
10,44,0.00107,0.99893,0.9948017822907402,0.644608916217797,0.613913253540759,0.0006534725387098519,0.6412580987339669
11,45,0.00114,0.99886,0.9937373443836891,0.613913253540759,0.5846792890864372,0.0006623601142203053,0.6100685262555443
12,46,0.00127,0.99873,0.9926044838110917,0.5846792890864372,0.5568374181775592,0.0007019535339067832,0.5803552839386791
13,47,0.00144,0.99856,0.9913438761166516,0.5568374181775592,0.5303213506452944,0.0007570523856040187,0.5520173645029304
14,48,0.00162,0.99838,0.9899163409350437,0.5303213506452944,0.5050679529955184,0.0008099595323236595,0.5249737709505201
15,49,0.00182,0.99818,0.9883126764627289,0.5050679529955184,0.48101709809096993,0.0008652194380622911,0.4991650604205526
16,50,0.00204,0.99796,0.9865139473915667,0.48101709809096993,0.45811152199139993,0.0009219441480468008,0.4745300762005592
17,51,0.00227,0.99773,0.9845014589388879,0.45811152199139993,0.43629668761085705,0.000975043826846621,0.45101146175724766
18,52,0.00249,0.99751,0.9822666406270966,0.43629668761085705,0.41552065486748285,0.0010162986736419555,0.42855968165624636
19,53,0.00275,0.99725,0.9798207966919351,0.41552065486748285,0.3957339570166503,0.0010663079928657922,0.40713577909421167
20,54,0.00305,0.99695,0.9771262895010323,0.3957339570166503,0.3768894828730003,0.0011232192969525558,0.3866820530492405
