Policy_Year,Attained_Age,qx
1,35,0.00021
2,36,0.00029
3,37,0.00042
4,38,0.00049
5,39,0.00057
6,40,0.00064
7,41,0.00073
8,42,0.00087
9,43,0.00099
10,44,0.00107
11,45,0.00114
12,46,0.00127
13,47,0.00144
14,48,0.00162
15,49,0.00182
16,50,0.00204
17,51,0.00227
18,52,0.00249
19,53,0.00275
20,54,0.00305
