Metric,Value
Face Amount,100000.0
Interest Rate,0.05
APV Benefits,1344.3606714771486
Annuity Factor,13.007630803240975
Annual Net Premium,103.35169346459222
